Original_Filename,Original_Path,Term_ID,Primary_Domain,Target_KG,Target_Path,Migration_Action,Priority,Blockchain_Relevance
51% Attack.md,/home/user/logseq/mainKnowledgeGraph/pages/51% Attack.md,,Blockchain,blockchain-knowledge-graph,/home/user/logseq/mainKnowledgeGraph/blockchain-knowledge-graph/pages/51% Attack.md,MOVE,HIGH,HIGH
AI Risk.md,/home/user/logseq/mainKnowledgeGraph/pages/AI Risk.md,,MetaverseDomain,REVIEW,PENDING_REVIEW,REVIEW,LOW,UNKNOWN
Acceleration.md,/home/user/logseq/mainKnowledgeGraph/pages/Acceleration.md,RB-0045,Robotics,robotics-knowledge-graph,/home/user/logseq/mainKnowledgeGraph/robotics-knowledge-graph/pages/Acceleration.md,MOVE,EXCLUDE,NONE
Account Model.md,/home/user/logseq/mainKnowledgeGraph/pages/Account Model.md,,Blockchain + AI,cross-domain-knowledge-graph,/home/user/logseq/mainKnowledgeGraph/cross-domain-knowledge-graph/pages/Account Model.md,MOVE,MEDIUM,MEDIUM
Address.md,/home/user/logseq/mainKnowledgeGraph/pages/Address.md,,Blockchain,blockchain-knowledge-graph,/home/user/logseq/mainKnowledgeGraph/blockchain-knowledge-graph/pages/Address.md,MOVE,HIGH,HIGH
BC 0102 inflation.md,/home/user/logseq/mainKnowledgeGraph/pages/BC 0102 inflation.md,BC-0102,Blockchain,blockchain-knowledge-graph,/home/user/logseq/mainKnowledgeGraph/blockchain-knowledge-graph/pages/BC 0102 inflation.md,MOVE,HIGH,HIGH
BC 0103 halving.md,/home/user/logseq/mainKnowledgeGraph/pages/BC 0103 halving.md,BC-0103,Blockchain,blockchain-knowledge-graph,/home/user/logseq/mainKnowledgeGraph/blockchain-knowledge-graph/pages/BC 0103 halving.md,MOVE,HIGH,HIGH
BC 0104 supply cap.md,/home/user/logseq/mainKnowledgeGraph/pages/BC 0104 supply cap.md,BC-0104,Blockchain,blockchain-knowledge-graph,/home/user/logseq/mainKnowledgeGraph/blockchain-knowledge-graph/pages/BC 0104 supply cap.md,MOVE,HIGH,HIGH
BC 0109 priority fee.md,/home/user/logseq/mainKnowledgeGraph/pages/BC 0109 priority fee.md,BC-0109,Blockchain,blockchain-knowledge-graph,/home/user/logseq/mainKnowledgeGraph/blockchain-knowledge-graph/pages/BC 0109 priority fee.md,MOVE,HIGH,HIGH
BC 0110 fee market.md,/home/user/logseq/mainKnowledgeGraph/pages/BC 0110 fee market.md,BC-0110,Blockchain,blockchain-knowledge-graph,/home/user/logseq/mainKnowledgeGraph/blockchain-knowledge-graph/pages/BC 0110 fee market.md,MOVE,HIGH,HIGH
BC 0111 deflationary token.md,/home/user/logseq/mainKnowledgeGraph/pages/BC 0111 deflationary token.md,BC-0111,Blockchain,blockchain-knowledge-graph,/home/user/logseq/mainKnowledgeGraph/blockchain-knowledge-graph/pages/BC 0111 deflationary token.md,MOVE,HIGH,HIGH
BC 0112 inflationary token.md,/home/user/logseq/mainKnowledgeGraph/pages/BC 0112 inflationary token.md,BC-0112,Blockchain,blockchain-knowledge-graph,/home/user/logseq/mainKnowledgeGraph/blockchain-knowledge-graph/pages/BC 0112 inflationary token.md,MOVE,HIGH,HIGH
BC 0114 burning mechanism.md,/home/user/logseq/mainKnowledgeGraph/pages/BC 0114 burning mechanism.md,BC-0114,Blockchain,blockchain-knowledge-graph,/home/user/logseq/mainKnowledgeGraph/blockchain-knowledge-graph/pages/BC 0114 burning mechanism.md,MOVE,HIGH,HIGH
BC 0115 minting.md,/home/user/logseq/mainKnowledgeGraph/pages/BC 0115 minting.md,BC-0115,Blockchain,blockchain-knowledge-graph,/home/user/logseq/mainKnowledgeGraph/blockchain-knowledge-graph/pages/BC 0115 minting.md,MOVE,HIGH,HIGH
BC 0116 total supply.md,/home/user/logseq/mainKnowledgeGraph/pages/BC 0116 total supply.md,BC-0116,Blockchain,blockchain-knowledge-graph,/home/user/logseq/mainKnowledgeGraph/blockchain-knowledge-graph/pages/BC 0116 total supply.md,MOVE,HIGH,HIGH
BC 0117 circulating supply.md,/home/user/logseq/mainKnowledgeGraph/pages/BC 0117 circulating supply.md,BC-0117,Blockchain,blockchain-knowledge-graph,/home/user/logseq/mainKnowledgeGraph/blockchain-knowledge-graph/pages/BC 0117 circulating supply.md,MOVE,HIGH,HIGH
BC 0119 economic security.md,/home/user/logseq/mainKnowledgeGraph/pages/BC 0119 economic security.md,BC-0119,Blockchain,blockchain-knowledge-graph,/home/user/logseq/mainKnowledgeGraph/blockchain-knowledge-graph/pages/BC 0119 economic security.md,MOVE,HIGH,HIGH
Block Time.md,/home/user/logseq/mainKnowledgeGraph/pages/Block Time.md,,Blockchain,blockchain-knowledge-graph,/home/user/logseq/mainKnowledgeGraph/blockchain-knowledge-graph/pages/Block Time.md,MOVE,HIGH,HIGH
Blockchain Network.md,/home/user/logseq/mainKnowledgeGraph/pages/Blockchain Network.md,,Blockchain,blockchain-knowledge-graph,/home/user/logseq/mainKnowledgeGraph/blockchain-knowledge-graph/pages/Blockchain Network.md,MOVE,HIGH,HIGH
Coin.md,/home/user/logseq/mainKnowledgeGraph/pages/Coin.md,,Economics,blockchain-knowledge-graph,/home/user/logseq/mainKnowledgeGraph/blockchain-knowledge-graph/pages/Coin.md,MOVE,HIGH,HIGH
Collaborative Operation.md,/home/user/logseq/mainKnowledgeGraph/pages/Collaborative Operation.md,RB-0103,Robotics,robotics-knowledge-graph,/home/user/logseq/mainKnowledgeGraph/robotics-knowledge-graph/pages/Collaborative Operation.md,MOVE,EXCLUDE,NONE
Computed Torque Control.md,/home/user/logseq/mainKnowledgeGraph/pages/Computed Torque Control.md,RB-0064,Robotics,robotics-knowledge-graph,/home/user/logseq/mainKnowledgeGraph/robotics-knowledge-graph/pages/Computed Torque Control.md,MOVE,EXCLUDE,NONE
Cryptographic Commitment.md,/home/user/logseq/mainKnowledgeGraph/pages/Cryptographic Commitment.md,,Blockchain,blockchain-knowledge-graph,/home/user/logseq/mainKnowledgeGraph/blockchain-knowledge-graph/pages/Cryptographic Commitment.md,MOVE,HIGH,HIGH
Cryptography.md,/home/user/logseq/mainKnowledgeGraph/pages/Cryptography.md,,Blockchain,blockchain-knowledge-graph,/home/user/logseq/mainKnowledgeGraph/blockchain-knowledge-graph/pages/Cryptography.md,MOVE,HIGH,HIGH
Degrees Of Freedom.md,/home/user/logseq/mainKnowledgeGraph/pages/Degrees Of Freedom.md,RB-0023,Robotics,robotics-knowledge-graph,/home/user/logseq/mainKnowledgeGraph/robotics-knowledge-graph/pages/Degrees Of Freedom.md,MOVE,EXCLUDE,NONE
Difficulty.md,/home/user/logseq/mainKnowledgeGraph/pages/Difficulty.md,,Blockchain,blockchain-knowledge-graph,/home/user/logseq/mainKnowledgeGraph/blockchain-knowledge-graph/pages/Difficulty.md,MOVE,HIGH,HIGH
Digital Signature.md,/home/user/logseq/mainKnowledgeGraph/pages/Digital Signature.md,,Blockchain,blockchain-knowledge-graph,/home/user/logseq/mainKnowledgeGraph/blockchain-knowledge-graph/pages/Digital Signature.md,MOVE,HIGH,HIGH
ETSI_Domain_Virtual_Society.md,/home/user/logseq/mainKnowledgeGraph/pages/ETSI_Domain_Virtual_Society.md,,Blockchain,REVIEW,PENDING_REVIEW,REVIEW,LOW,UNKNOWN
Emergency Stop.md,/home/user/logseq/mainKnowledgeGraph/pages/Emergency Stop.md,RB-0090,Robotics,robotics-knowledge-graph,/home/user/logseq/mainKnowledgeGraph/robotics-knowledge-graph/pages/Emergency Stop.md,MOVE,EXCLUDE,NONE
End Effector.md,/home/user/logseq/mainKnowledgeGraph/pages/End Effector.md,RB-0025,Robotics,robotics-knowledge-graph,/home/user/logseq/mainKnowledgeGraph/robotics-knowledge-graph/pages/End Effector.md,MOVE,EXCLUDE,NONE
Exoskeleton Robot.md,/home/user/logseq/mainKnowledgeGraph/pages/Exoskeleton Robot.md,RB-0019,Robotics,robotics-knowledge-graph,/home/user/logseq/mainKnowledgeGraph/robotics-knowledge-graph/pages/Exoskeleton Robot.md,MOVE,EXCLUDE,NONE
Fairness Auditing Tools.md,/home/user/logseq/mainKnowledgeGraph/pages/Fairness Auditing Tools.md,,AI/ML,REVIEW,PENDING_REVIEW,REVIEW,LOW,UNKNOWN
Forward Kinematics.md,/home/user/logseq/mainKnowledgeGraph/pages/Forward Kinematics.md,RB-0028,Robotics,robotics-knowledge-graph,/home/user/logseq/mainKnowledgeGraph/robotics-knowledge-graph/pages/Forward Kinematics.md,MOVE,EXCLUDE,NONE
Gyroscope.md,/home/user/logseq/mainKnowledgeGraph/pages/Gyroscope.md,RB-0081,Robotics,robotics-knowledge-graph,/home/user/logseq/mainKnowledgeGraph/robotics-knowledge-graph/pages/Gyroscope.md,MOVE,EXCLUDE,NONE
Hash Function.md,/home/user/logseq/mainKnowledgeGraph/pages/Hash Function.md,,Blockchain,blockchain-knowledge-graph,/home/user/logseq/mainKnowledgeGraph/blockchain-knowledge-graph/pages/Hash Function.md,MOVE,HIGH,HIGH
Human Rights.md,/home/user/logseq/mainKnowledgeGraph/pages/Human Rights.md,,Unknown,REVIEW,PENDING_REVIEW,REVIEW,LOW,UNKNOWN
Impedance Control.md,/home/user/logseq/mainKnowledgeGraph/pages/Impedance Control.md,RB-0056,Robotics,robotics-knowledge-graph,/home/user/logseq/mainKnowledgeGraph/robotics-knowledge-graph/pages/Impedance Control.md,MOVE,EXCLUDE,NONE
Input.md,/home/user/logseq/mainKnowledgeGraph/pages/Input.md,,Blockchain,blockchain-knowledge-graph,/home/user/logseq/mainKnowledgeGraph/blockchain-knowledge-graph/pages/Input.md,MOVE,HIGH,HIGH
Inspection Robot.md,/home/user/logseq/mainKnowledgeGraph/pages/Inspection Robot.md,RB-0018,Robotics,robotics-knowledge-graph,/home/user/logseq/mainKnowledgeGraph/robotics-knowledge-graph/pages/Inspection Robot.md,MOVE,EXCLUDE,NONE
Inverse Kinematics.md,/home/user/logseq/mainKnowledgeGraph/pages/Inverse Kinematics.md,RB-0029,Robotics,robotics-knowledge-graph,/home/user/logseq/mainKnowledgeGraph/robotics-knowledge-graph/pages/Inverse Kinematics.md,MOVE,EXCLUDE,NONE
Lidar.md,/home/user/logseq/mainKnowledgeGraph/pages/Lidar.md,RB-0069,Robotics,robotics-knowledge-graph,/home/user/logseq/mainKnowledgeGraph/robotics-knowledge-graph/pages/Lidar.md,MOVE,EXCLUDE,NONE
Light Curtain.md,/home/user/logseq/mainKnowledgeGraph/pages/Light Curtain.md,RB-0097,Robotics,robotics-knowledge-graph,/home/user/logseq/mainKnowledgeGraph/robotics-knowledge-graph/pages/Light Curtain.md,MOVE,EXCLUDE,NONE
Light Node.md,/home/user/logseq/mainKnowledgeGraph/pages/Light Node.md,,Blockchain,blockchain-knowledge-graph,/home/user/logseq/mainKnowledgeGraph/blockchain-knowledge-graph/pages/Light Node.md,MOVE,HIGH,HIGH
Loss Function.md,/home/user/logseq/mainKnowledgeGraph/pages/Loss Function.md,,AI/ML,ai-ml-knowledge-graph,/home/user/logseq/mainKnowledgeGraph/ai-ml-knowledge-graph/pages/Loss Function.md,MOVE,MEDIUM,LOW
Manipulability.md,/home/user/logseq/mainKnowledgeGraph/pages/Manipulability.md,RB-0032,Robotics,robotics-knowledge-graph,/home/user/logseq/mainKnowledgeGraph/robotics-knowledge-graph/pages/Manipulability.md,MOVE,EXCLUDE,NONE
Mining.md,/home/user/logseq/mainKnowledgeGraph/pages/Mining.md,,Blockchain,blockchain-knowledge-graph,/home/user/logseq/mainKnowledgeGraph/blockchain-knowledge-graph/pages/Mining.md,MOVE,HIGH,HIGH
Mobile Robot.md,/home/user/logseq/mainKnowledgeGraph/pages/Mobile Robot.md,,Robotics,robotics-knowledge-graph,/home/user/logseq/mainKnowledgeGraph/robotics-knowledge-graph/pages/Mobile Robot.md,MOVE,EXCLUDE,NONE
Money.md,/home/user/logseq/mainKnowledgeGraph/pages/Money.md,,Blockchain,REVIEW,PENDING_REVIEW,REVIEW,LOW,UNKNOWN
Node.md,/home/user/logseq/mainKnowledgeGraph/pages/Node.md,,Blockchain,blockchain-knowledge-graph,/home/user/logseq/mainKnowledgeGraph/blockchain-knowledge-graph/pages/Node.md,MOVE,HIGH,HIGH
Perception System.md,/home/user/logseq/mainKnowledgeGraph/pages/Perception System.md,,Robotics,REVIEW,PENDING_REVIEW,REVIEW,LOW,UNKNOWN
Pressure Sensor.md,/home/user/logseq/mainKnowledgeGraph/pages/Pressure Sensor.md,RB-0085,Robotics,robotics-knowledge-graph,/home/user/logseq/mainKnowledgeGraph/robotics-knowledge-graph/pages/Pressure Sensor.md,MOVE,EXCLUDE,NONE
Proof of Work.md,/home/user/logseq/mainKnowledgeGraph/pages/Proof of Work.md,,Blockchain,blockchain-knowledge-graph,/home/user/logseq/mainKnowledgeGraph/blockchain-knowledge-graph/pages/Proof of Work.md,MOVE,HIGH,HIGH
Public Key.md,/home/user/logseq/mainKnowledgeGraph/pages/Public Key.md,,Blockchain,blockchain-knowledge-graph,/home/user/logseq/mainKnowledgeGraph/blockchain-knowledge-graph/pages/Public Key.md,MOVE,HIGH,HIGH
Radar.md,/home/user/logseq/mainKnowledgeGraph/pages/Radar.md,RB-0080,Robotics,robotics-knowledge-graph,/home/user/logseq/mainKnowledgeGraph/robotics-knowledge-graph/pages/Radar.md,MOVE,EXCLUDE,NONE
Range Finder.md,/home/user/logseq/mainKnowledgeGraph/pages/Range Finder.md,RB-0075,Robotics,robotics-knowledge-graph,/home/user/logseq/mainKnowledgeGraph/robotics-knowledge-graph/pages/Range Finder.md,MOVE,EXCLUDE,NONE
Recurrent Neural Network.md,/home/user/logseq/mainKnowledgeGraph/pages/Recurrent Neural Network.md,,AI/ML,ai-ml-knowledge-graph,/home/user/logseq/mainKnowledgeGraph/ai-ml-knowledge-graph/pages/Recurrent Neural Network.md,MOVE,MEDIUM,LOW
Resolution.md,/home/user/logseq/mainKnowledgeGraph/pages/Resolution.md,RB-0036,Robotics,robotics-knowledge-graph,/home/user/logseq/mainKnowledgeGraph/robotics-knowledge-graph/pages/Resolution.md,MOVE,EXCLUDE,NONE
Robot Accuracy.md,/home/user/logseq/mainKnowledgeGraph/pages/Robot Accuracy.md,RB-0035,Robotics,robotics-knowledge-graph,/home/user/logseq/mainKnowledgeGraph/robotics-knowledge-graph/pages/Robot Accuracy.md,MOVE,EXCLUDE,NONE
Robot Control.md,/home/user/logseq/mainKnowledgeGraph/pages/Robot Control.md,RB-0046,Robotics,robotics-knowledge-graph,/home/user/logseq/mainKnowledgeGraph/robotics-knowledge-graph/pages/Robot Control.md,MOVE,EXCLUDE,NONE
Robot Kinematics.md,/home/user/logseq/mainKnowledgeGraph/pages/Robot Kinematics.md,RB-0021,Robotics,robotics-knowledge-graph,/home/user/logseq/mainKnowledgeGraph/robotics-knowledge-graph/pages/Robot Kinematics.md,MOVE,EXCLUDE,NONE
Robot.md,/home/user/logseq/mainKnowledgeGraph/pages/Robot.md,,Robotics,robotics-knowledge-graph,/home/user/logseq/mainKnowledgeGraph/robotics-knowledge-graph/pages/Robot.md,MOVE,EXCLUDE,NONE
Robust Control.md,/home/user/logseq/mainKnowledgeGraph/pages/Robust Control.md,RB-0059,Robotics,robotics-knowledge-graph,/home/user/logseq/mainKnowledgeGraph/robotics-knowledge-graph/pages/Robust Control.md,MOVE,EXCLUDE,NONE
Safeguarding.md,/home/user/logseq/mainKnowledgeGraph/pages/Safeguarding.md,RB-0096,Robotics,robotics-knowledge-graph,/home/user/logseq/mainKnowledgeGraph/robotics-knowledge-graph/pages/Safeguarding.md,MOVE,EXCLUDE,NONE
Safety Plc.md,/home/user/logseq/mainKnowledgeGraph/pages/Safety Plc.md,RB-0099,Robotics,robotics-knowledge-graph,/home/user/logseq/mainKnowledgeGraph/robotics-knowledge-graph/pages/Safety Plc.md,MOVE,EXCLUDE,NONE
Safety Rated Monitored Stop.md,/home/user/logseq/mainKnowledgeGraph/pages/Safety Rated Monitored Stop.md,RB-0091,Robotics,robotics-knowledge-graph,/home/user/logseq/mainKnowledgeGraph/robotics-knowledge-graph/pages/Safety Rated Monitored Stop.md,MOVE,EXCLUDE,NONE
Safety Standard.md,/home/user/logseq/mainKnowledgeGraph/pages/Safety Standard.md,RB-0087,Robotics,robotics-knowledge-graph,/home/user/logseq/mainKnowledgeGraph/robotics-knowledge-graph/pages/Safety Standard.md,MOVE,EXCLUDE,NONE
Safety Zone.md,/home/user/logseq/mainKnowledgeGraph/pages/Safety Zone.md,RB-0095,Robotics,robotics-knowledge-graph,/home/user/logseq/mainKnowledgeGraph/robotics-knowledge-graph/pages/Safety Zone.md,MOVE,EXCLUDE,NONE
Speed And Separation Monitoring.md,/home/user/logseq/mainKnowledgeGraph/pages/Speed And Separation Monitoring.md,RB-0105,Robotics,robotics-knowledge-graph,/home/user/logseq/mainKnowledgeGraph/robotics-knowledge-graph/pages/Speed And Separation Monitoring.md,MOVE,EXCLUDE,NONE
Speed Limitation.md,/home/user/logseq/mainKnowledgeGraph/pages/Speed Limitation.md,RB-0093,Robotics,robotics-knowledge-graph,/home/user/logseq/mainKnowledgeGraph/robotics-knowledge-graph/pages/Speed Limitation.md,MOVE,EXCLUDE,NONE
Surgical Robot.md,/home/user/logseq/mainKnowledgeGraph/pages/Surgical Robot.md,RB-0014,Robotics,robotics-knowledge-graph,/home/user/logseq/mainKnowledgeGraph/robotics-knowledge-graph/pages/Surgical Robot.md,MOVE,EXCLUDE,NONE
Tactile Sensing.md,/home/user/logseq/mainKnowledgeGraph/pages/Tactile Sensing.md,RB-0070,Robotics,robotics-knowledge-graph,/home/user/logseq/mainKnowledgeGraph/robotics-knowledge-graph/pages/Tactile Sensing.md,MOVE,EXCLUDE,NONE
Teleoperated Robot.md,/home/user/logseq/mainKnowledgeGraph/pages/Teleoperated Robot.md,RB-0009,Robotics,robotics-knowledge-graph,/home/user/logseq/mainKnowledgeGraph/robotics-knowledge-graph/pages/Teleoperated Robot.md,MOVE,EXCLUDE,NONE
Ultrasonic Sensor.md,/home/user/logseq/mainKnowledgeGraph/pages/Ultrasonic Sensor.md,RB-0079,Robotics,robotics-knowledge-graph,/home/user/logseq/mainKnowledgeGraph/robotics-knowledge-graph/pages/Ultrasonic Sensor.md,MOVE,EXCLUDE,NONE
Underwater Robot.md,/home/user/logseq/mainKnowledgeGraph/pages/Underwater Robot.md,RB-0011,Robotics,robotics-knowledge-graph,/home/user/logseq/mainKnowledgeGraph/robotics-knowledge-graph/pages/Underwater Robot.md,MOVE,EXCLUDE,NONE
AI Ethics Checklist.md,/home/user/logseq/mainKnowledgeGraph/pages/AI Ethics Checklist.md,,Governance,REVIEW,PENDING_REVIEW,REVIEW,LOW,UNKNOWN
AI Governance Principle.md,/home/user/logseq/mainKnowledgeGraph/pages/AI Governance Principle.md,,AI/ML,REVIEW,PENDING_REVIEW,REVIEW,LOW,UNKNOWN
AI Trustworthiness Dimensions.md,/home/user/logseq/mainKnowledgeGraph/pages/AI Trustworthiness Dimensions.md,,AI/ML,REVIEW,PENDING_REVIEW,REVIEW,LOW,UNKNOWN
Accelerometer.md,/home/user/logseq/mainKnowledgeGraph/pages/Accelerometer.md,RB-0082,Robotics,robotics-knowledge-graph,/home/user/logseq/mainKnowledgeGraph/robotics-knowledge-graph/pages/Accelerometer.md,MOVE,EXCLUDE,NONE
Accessibility Audit Tool.md,/home/user/logseq/mainKnowledgeGraph/pages/Accessibility Audit Tool.md,,InteractionDomain,REVIEW,PENDING_REVIEW,REVIEW,LOW,UNKNOWN
Activation Function.md,/home/user/logseq/mainKnowledgeGraph/pages/Activation Function.md,,AI/ML,ai-ml-knowledge-graph,/home/user/logseq/mainKnowledgeGraph/ai-ml-knowledge-graph/pages/Activation Function.md,MOVE,MEDIUM,LOW
Adaptive Control.md,/home/user/logseq/mainKnowledgeGraph/pages/Adaptive Control.md,RB-0058,Robotics,robotics-knowledge-graph,/home/user/logseq/mainKnowledgeGraph/robotics-knowledge-graph/pages/Adaptive Control.md,MOVE,EXCLUDE,NONE
Admittance Control.md,/home/user/logseq/mainKnowledgeGraph/pages/Admittance Control.md,RB-0057,Robotics,robotics-knowledge-graph,/home/user/logseq/mainKnowledgeGraph/robotics-knowledge-graph/pages/Admittance Control.md,MOVE,EXCLUDE,NONE
Aerial Robot.md,/home/user/logseq/mainKnowledgeGraph/pages/Aerial Robot.md,RB-0010,Robotics,robotics-knowledge-graph,/home/user/logseq/mainKnowledgeGraph/robotics-knowledge-graph/pages/Aerial Robot.md,MOVE,EXCLUDE,NONE
Agricultural Robot.md,/home/user/logseq/mainKnowledgeGraph/pages/Agricultural Robot.md,RB-0015,Robotics,robotics-knowledge-graph,/home/user/logseq/mainKnowledgeGraph/robotics-knowledge-graph/pages/Agricultural Robot.md,MOVE,EXCLUDE,NONE
Algorithmic Transparency Index.md,/home/user/logseq/mainKnowledgeGraph/pages/Algorithmic Transparency Index.md,,Governance,REVIEW,PENDING_REVIEW,REVIEW,LOW,UNKNOWN
Application Layer.md,/home/user/logseq/mainKnowledgeGraph/pages/Application Layer.md,,Infrastructure,REVIEW,PENDING_REVIEW,REVIEW,MEDIUM,UNKNOWN
Archival Node.md,/home/user/logseq/mainKnowledgeGraph/pages/Archival Node.md,,Blockchain,blockchain-knowledge-graph,/home/user/logseq/mainKnowledgeGraph/blockchain-knowledge-graph/pages/Archival Node.md,MOVE,HIGH,HIGH
Attention Mechanism.md,/home/user/logseq/mainKnowledgeGraph/pages/Attention Mechanism.md,,AI/ML,ai-ml-knowledge-graph,/home/user/logseq/mainKnowledgeGraph/ai-ml-knowledge-graph/pages/Attention Mechanism.md,MOVE,MEDIUM,LOW
Autoencoder.md,/home/user/logseq/mainKnowledgeGraph/pages/Autoencoder.md,,AI/ML,REVIEW,PENDING_REVIEW,REVIEW,LOW,UNKNOWN
Autonomous Robot.md,/home/user/logseq/mainKnowledgeGraph/pages/Autonomous Robot.md,RB-0008,Robotics,robotics-knowledge-graph,/home/user/logseq/mainKnowledgeGraph/robotics-knowledge-graph/pages/Autonomous Robot.md,MOVE,EXCLUDE,NONE
BC 0101 transaction fee.md,/home/user/logseq/mainKnowledgeGraph/pages/BC 0101 transaction fee.md,BC-0101,Blockchain,blockchain-knowledge-graph,/home/user/logseq/mainKnowledgeGraph/blockchain-knowledge-graph/pages/BC 0101 transaction fee.md,MOVE,HIGH,HIGH
BC 0105 tokenomics.md,/home/user/logseq/mainKnowledgeGraph/pages/BC 0105 tokenomics.md,BC-0105,Blockchain,blockchain-knowledge-graph,/home/user/logseq/mainKnowledgeGraph/blockchain-knowledge-graph/pages/BC 0105 tokenomics.md,MOVE,HIGH,HIGH
BC 0106 gas price.md,/home/user/logseq/mainKnowledgeGraph/pages/BC 0106 gas price.md,BC-0106,Blockchain,blockchain-knowledge-graph,/home/user/logseq/mainKnowledgeGraph/blockchain-knowledge-graph/pages/BC 0106 gas price.md,MOVE,HIGH,HIGH
BC 0107 gas limit.md,/home/user/logseq/mainKnowledgeGraph/pages/BC 0107 gas limit.md,BC-0107,Blockchain,blockchain-knowledge-graph,/home/user/logseq/mainKnowledgeGraph/blockchain-knowledge-graph/pages/BC 0107 gas limit.md,MOVE,HIGH,HIGH
BC 0108 base fee.md,/home/user/logseq/mainKnowledgeGraph/pages/BC 0108 base fee.md,BC-0108,Blockchain,blockchain-knowledge-graph,/home/user/logseq/mainKnowledgeGraph/blockchain-knowledge-graph/pages/BC 0108 base fee.md,MOVE,HIGH,HIGH
BC 0113 emission schedule.md,/home/user/logseq/mainKnowledgeGraph/pages/BC 0113 emission schedule.md,BC-0113,Blockchain,blockchain-knowledge-graph,/home/user/logseq/mainKnowledgeGraph/blockchain-knowledge-graph/pages/BC 0113 emission schedule.md,MOVE,HIGH,HIGH
BC 0118 market capitalization.md,/home/user/logseq/mainKnowledgeGraph/pages/BC 0118 market capitalization.md,BC-0118,Blockchain,blockchain-knowledge-graph,/home/user/logseq/mainKnowledgeGraph/blockchain-knowledge-graph/pages/BC 0118 market capitalization.md,MOVE,HIGH,HIGH
BC 0120 incentive alignment.md,/home/user/logseq/mainKnowledgeGraph/pages/BC 0120 incentive alignment.md,BC-0120,Blockchain,blockchain-knowledge-graph,/home/user/logseq/mainKnowledgeGraph/blockchain-knowledge-graph/pages/BC 0120 incentive alignment.md,MOVE,HIGH,HIGH
Backlash.md,/home/user/logseq/mainKnowledgeGraph/pages/Backlash.md,RB-0040,Robotics,robotics-knowledge-graph,/home/user/logseq/mainKnowledgeGraph/robotics-knowledge-graph/pages/Backlash.md,MOVE,EXCLUDE,NONE
Block Reward.md,/home/user/logseq/mainKnowledgeGraph/pages/Block Reward.md,,Blockchain,blockchain-knowledge-graph,/home/user/logseq/mainKnowledgeGraph/blockchain-knowledge-graph/pages/Block Reward.md,MOVE,HIGH,HIGH
Block.md,/home/user/logseq/mainKnowledgeGraph/pages/Block.md,,Blockchain,blockchain-knowledge-graph,/home/user/logseq/mainKnowledgeGraph/blockchain-knowledge-graph/pages/Block.md,MOVE,HIGH,HIGH
Blockchain Entity.md,/home/user/logseq/mainKnowledgeGraph/pages/Blockchain Entity.md,,Blockchain,blockchain-knowledge-graph,/home/user/logseq/mainKnowledgeGraph/blockchain-knowledge-graph/pages/Blockchain Entity.md,MOVE,HIGH,HIGH
Bootstrap Node.md,/home/user/logseq/mainKnowledgeGraph/pages/Bootstrap Node.md,,Blockchain,blockchain-knowledge-graph,/home/user/logseq/mainKnowledgeGraph/blockchain-knowledge-graph/pages/Bootstrap Node.md,MOVE,HIGH,HIGH
Camera.md,/home/user/logseq/mainKnowledgeGraph/pages/Camera.md,RB-0076,Robotics,robotics-knowledge-graph,/home/user/logseq/mainKnowledgeGraph/robotics-knowledge-graph/pages/Camera.md,MOVE,EXCLUDE,NONE
Central Bank Digital Currency (CBDC).md,/home/user/logseq/mainKnowledgeGraph/pages/Central Bank Digital Currency (CBDC).md,,Blockchain Governance,blockchain-knowledge-graph,/home/user/logseq/mainKnowledgeGraph/blockchain-knowledge-graph/pages/Central Bank Digital Currency (CBDC).md,MOVE,MEDIUM-HIGH,MEDIUM-HIGH
Chain Reorganization.md,/home/user/logseq/mainKnowledgeGraph/pages/Chain Reorganization.md,,Blockchain,blockchain-knowledge-graph,/home/user/logseq/mainKnowledgeGraph/blockchain-knowledge-graph/pages/Chain Reorganization.md,MOVE,HIGH,HIGH
Collaborative Robot.md,/home/user/logseq/mainKnowledgeGraph/pages/Collaborative Robot.md,RB-0007,Robotics,robotics-knowledge-graph,/home/user/logseq/mainKnowledgeGraph/robotics-knowledge-graph/pages/Collaborative Robot.md,MOVE,EXCLUDE,NONE
Collision Avoidance.md,/home/user/logseq/mainKnowledgeGraph/pages/Collision Avoidance.md,RB-0052,Robotics,robotics-knowledge-graph,/home/user/logseq/mainKnowledgeGraph/robotics-knowledge-graph/pages/Collision Avoidance.md,MOVE,EXCLUDE,NONE
Collision Resistance.md,/home/user/logseq/mainKnowledgeGraph/pages/Collision Resistance.md,,Blockchain,blockchain-knowledge-graph,/home/user/logseq/mainKnowledgeGraph/blockchain-knowledge-graph/pages/Collision Resistance.md,MOVE,HIGH,HIGH
Compliance.md,/home/user/logseq/mainKnowledgeGraph/pages/Compliance.md,RB-0038,Robotics,robotics-knowledge-graph,/home/user/logseq/mainKnowledgeGraph/robotics-knowledge-graph/pages/Compliance.md,MOVE,EXCLUDE,NONE
Consensus Rule.md,/home/user/logseq/mainKnowledgeGraph/pages/Consensus Rule.md,,Blockchain,blockchain-knowledge-graph,/home/user/logseq/mainKnowledgeGraph/blockchain-knowledge-graph/pages/Consensus Rule.md,MOVE,HIGH,HIGH
Cultural Provenance Record.md,/home/user/logseq/mainKnowledgeGraph/pages/Cultural Provenance Record.md,,Creative/NFT,blockchain-knowledge-graph,/home/user/logseq/mainKnowledgeGraph/blockchain-knowledge-graph/pages/Cultural Provenance Record.md,MOVE,LOW-MEDIUM,MEDIUM
Current Sensor.md,/home/user/logseq/mainKnowledgeGraph/pages/Current Sensor.md,RB-0083,Robotics,robotics-knowledge-graph,/home/user/logseq/mainKnowledgeGraph/robotics-knowledge-graph/pages/Current Sensor.md,MOVE,EXCLUDE,NONE
DAO.md,/home/user/logseq/mainKnowledgeGraph/pages/DAO.md,,Blockchain,REVIEW,PENDING_REVIEW,REVIEW,LOW,UNKNOWN
DeFiProtocol.md,/home/user/logseq/mainKnowledgeGraph/pages/DeFiProtocol.md,,Blockchain,REVIEW,PENDING_REVIEW,REVIEW,LOW,UNKNOWN
Decentralization.md,/home/user/logseq/mainKnowledgeGraph/pages/Decentralization.md,,Blockchain,blockchain-knowledge-graph,/home/user/logseq/mainKnowledgeGraph/blockchain-knowledge-graph/pages/Decentralization.md,MOVE,HIGH,HIGH
Depth Camera.md,/home/user/logseq/mainKnowledgeGraph/pages/Depth Camera.md,RB-0077,Robotics,robotics-knowledge-graph,/home/user/logseq/mainKnowledgeGraph/robotics-knowledge-graph/pages/Depth Camera.md,MOVE,EXCLUDE,NONE
Dexterity.md,/home/user/logseq/mainKnowledgeGraph/pages/Dexterity.md,RB-0037,Robotics,robotics-knowledge-graph,/home/user/logseq/mainKnowledgeGraph/robotics-knowledge-graph/pages/Dexterity.md,MOVE,EXCLUDE,NONE
Digital Asset Workflow.md,/home/user/logseq/mainKnowledgeGraph/pages/Digital Asset Workflow.md,,Economics,REVIEW,PENDING_REVIEW,REVIEW,LOW,UNKNOWN
Digital Citizenship.md,/home/user/logseq/mainKnowledgeGraph/pages/Digital Citizenship.md,,AI/ML,REVIEW,PENDING_REVIEW,REVIEW,LOW,UNKNOWN
Digital Evidence Chain of Custody.md,/home/user/logseq/mainKnowledgeGraph/pages/Digital Evidence Chain of Custody.md,,Governance,REVIEW,PENDING_REVIEW,REVIEW,LOW,UNKNOWN
Digital Jurisdiction.md,/home/user/logseq/mainKnowledgeGraph/pages/Digital Jurisdiction.md,,Governance,REVIEW,PENDING_REVIEW,REVIEW,LOW,UNKNOWN
Digital Performance Capture.md,/home/user/logseq/mainKnowledgeGraph/pages/Digital Performance Capture.md,,Creative/NFT,blockchain-knowledge-graph,/home/user/logseq/mainKnowledgeGraph/blockchain-knowledge-graph/pages/Digital Performance Capture.md,MOVE,LOW-MEDIUM,MEDIUM
Digital Taxonomy Registry.md,/home/user/logseq/mainKnowledgeGraph/pages/Digital Taxonomy Registry.md,,Governance,REVIEW,PENDING_REVIEW,REVIEW,LOW,UNKNOWN
Discovery Layer.md,/home/user/logseq/mainKnowledgeGraph/pages/Discovery Layer.md,,Infrastructure,REVIEW,PENDING_REVIEW,REVIEW,MEDIUM,UNKNOWN
Dispute Resolution Mechanism.md,/home/user/logseq/mainKnowledgeGraph/pages/Dispute Resolution Mechanism.md,,Governance,REVIEW,PENDING_REVIEW,REVIEW,LOW,UNKNOWN
"Diversity, Non-Discrimination, and Fairness.md","/home/user/logseq/mainKnowledgeGraph/pages/Diversity, Non-Discrimination, and Fairness.md",,AI/ML,REVIEW,PENDING_REVIEW,REVIEW,LOW,UNKNOWN
Double Spending.md,/home/user/logseq/mainKnowledgeGraph/pages/Double Spending.md,,Blockchain,blockchain-knowledge-graph,/home/user/logseq/mainKnowledgeGraph/blockchain-knowledge-graph/pages/Double Spending.md,MOVE,HIGH,HIGH
Dropout.md,/home/user/logseq/mainKnowledgeGraph/pages/Dropout.md,,AI/ML,ai-ml-knowledge-graph,/home/user/logseq/mainKnowledgeGraph/ai-ml-knowledge-graph/pages/Dropout.md,MOVE,MEDIUM,LOW
ERC20.md,/home/user/logseq/mainKnowledgeGraph/pages/ERC20.md,,Blockchain,REVIEW,PENDING_REVIEW,REVIEW,LOW,UNKNOWN
ETSI_Domain_AI___Governance.md,/home/user/logseq/mainKnowledgeGraph/pages/ETSI_Domain_AI___Governance.md,,ComputationAndIntelligenceDomain,REVIEW,PENDING_REVIEW,REVIEW,LOW,UNKNOWN
ETSI_Domain_Application___Creative.md,/home/user/logseq/mainKnowledgeGraph/pages/ETSI_Domain_Application___Creative.md,,Infrastructure,REVIEW,PENDING_REVIEW,REVIEW,MEDIUM,UNKNOWN
ETSI_Domain_Ethics_&_Law.md,/home/user/logseq/mainKnowledgeGraph/pages/ETSI_Domain_Ethics_&_Law.md,,Infrastructure,REVIEW,PENDING_REVIEW,REVIEW,MEDIUM,UNKNOWN
ETSI_Domain_Virtual_Economy.md,/home/user/logseq/mainKnowledgeGraph/pages/ETSI_Domain_Virtual_Economy.md,,Blockchain,REVIEW,PENDING_REVIEW,REVIEW,LOW,UNKNOWN
Edge AI Security (AI-0445).md,/home/user/logseq/mainKnowledgeGraph/pages/Edge AI Security (AI-0445).md,,AI/ML,ai-ml-knowledge-graph,/home/user/logseq/mainKnowledgeGraph/ai-ml-knowledge-graph/pages/Edge AI Security (AI-0445).md,MOVE,MEDIUM,LOW
Education Metaverse.md,/home/user/logseq/mainKnowledgeGraph/pages/Education Metaverse.md,,AI/ML,REVIEW,PENDING_REVIEW,REVIEW,LOW,UNKNOWN
Elliptic Curve Cryptography.md,/home/user/logseq/mainKnowledgeGraph/pages/Elliptic Curve Cryptography.md,,Blockchain,blockchain-knowledge-graph,/home/user/logseq/mainKnowledgeGraph/blockchain-knowledge-graph/pages/Elliptic Curve Cryptography.md,MOVE,HIGH,HIGH
Emotional Immersion.md,/home/user/logseq/mainKnowledgeGraph/pages/Emotional Immersion.md,,Robotics,REVIEW,PENDING_REVIEW,REVIEW,LOW,UNKNOWN
Environmental Sustainability Label.md,/home/user/logseq/mainKnowledgeGraph/pages/Environmental Sustainability Label.md,,Governance,REVIEW,PENDING_REVIEW,REVIEW,LOW,UNKNOWN
Epoch.md,/home/user/logseq/mainKnowledgeGraph/pages/Epoch.md,,AI/ML,ai-ml-knowledge-graph,/home/user/logseq/mainKnowledgeGraph/ai-ml-knowledge-graph/pages/Epoch.md,MOVE,MEDIUM,LOW
Fault Tolerance System.md,/home/user/logseq/mainKnowledgeGraph/pages/Fault Tolerance System.md,,Blockchain,REVIEW,PENDING_REVIEW,REVIEW,LOW,UNKNOWN
Feature Extraction.md,/home/user/logseq/mainKnowledgeGraph/pages/Feature Extraction.md,,AI/ML,ai-ml-knowledge-graph,/home/user/logseq/mainKnowledgeGraph/ai-ml-knowledge-graph/pages/Feature Extraction.md,MOVE,MEDIUM,LOW
Feedback Control.md,/home/user/logseq/mainKnowledgeGraph/pages/Feedback Control.md,RB-0047,Robotics,robotics-knowledge-graph,/home/user/logseq/mainKnowledgeGraph/robotics-knowledge-graph/pages/Feedback Control.md,MOVE,EXCLUDE,NONE
Feedforward Neural Network.md,/home/user/logseq/mainKnowledgeGraph/pages/Feedforward Neural Network.md,,AI/ML,ai-ml-knowledge-graph,/home/user/logseq/mainKnowledgeGraph/ai-ml-knowledge-graph/pages/Feedforward Neural Network.md,MOVE,MEDIUM,LOW
Finality.md,/home/user/logseq/mainKnowledgeGraph/pages/Finality.md,,Blockchain,blockchain-knowledge-graph,/home/user/logseq/mainKnowledgeGraph/blockchain-knowledge-graph/pages/Finality.md,MOVE,HIGH,HIGH
Force Control.md,/home/user/logseq/mainKnowledgeGraph/pages/Force Control.md,RB-0053,Robotics,robotics-knowledge-graph,/home/user/logseq/mainKnowledgeGraph/robotics-knowledge-graph/pages/Force Control.md,MOVE,EXCLUDE,NONE
Force Torque Sensor.md,/home/user/logseq/mainKnowledgeGraph/pages/Force Torque Sensor.md,RB-0067,Robotics,robotics-knowledge-graph,/home/user/logseq/mainKnowledgeGraph/robotics-knowledge-graph/pages/Force Torque Sensor.md,MOVE,EXCLUDE,NONE
Fork Choice Rule.md,/home/user/logseq/mainKnowledgeGraph/pages/Fork Choice Rule.md,,Blockchain,blockchain-knowledge-graph,/home/user/logseq/mainKnowledgeGraph/blockchain-knowledge-graph/pages/Fork Choice Rule.md,MOVE,HIGH,HIGH
Fractionalized NFT.md,/home/user/logseq/mainKnowledgeGraph/pages/Fractionalized NFT.md,,Creative/NFT,blockchain-knowledge-graph,/home/user/logseq/mainKnowledgeGraph/blockchain-knowledge-graph/pages/Fractionalized NFT.md,MOVE,LOW-MEDIUM,MEDIUM
Friction.md,/home/user/logseq/mainKnowledgeGraph/pages/Friction.md,RB-0042,Robotics,robotics-knowledge-graph,/home/user/logseq/mainKnowledgeGraph/robotics-knowledge-graph/pages/Friction.md,MOVE,EXCLUDE,NONE
Functional Safety.md,/home/user/logseq/mainKnowledgeGraph/pages/Functional Safety.md,RB-0102,Robotics,robotics-knowledge-graph,/home/user/logseq/mainKnowledgeGraph/robotics-knowledge-graph/pages/Functional Safety.md,MOVE,EXCLUDE,NONE
GDPR Article 22 Compliance.md,/home/user/logseq/mainKnowledgeGraph/pages/GDPR Article 22 Compliance.md,,AI/ML,REVIEW,PENDING_REVIEW,REVIEW,LOW,UNKNOWN
Game Engine.md,/home/user/logseq/mainKnowledgeGraph/pages/Game Engine.md,,Infrastructure,REVIEW,PENDING_REVIEW,REVIEW,MEDIUM,UNKNOWN
Generative Adversarial Network.md,/home/user/logseq/mainKnowledgeGraph/pages/Generative Adversarial Network.md,,AI/ML,ai-ml-knowledge-graph,/home/user/logseq/mainKnowledgeGraph/ai-ml-knowledge-graph/pages/Generative Adversarial Network.md,MOVE,MEDIUM,LOW
Generative Design Tool.md,/home/user/logseq/mainKnowledgeGraph/pages/Generative Design Tool.md,,AI/ML,ai-ml-knowledge-graph,/home/user/logseq/mainKnowledgeGraph/ai-ml-knowledge-graph/pages/Generative Design Tool.md,MOVE,MEDIUM,LOW
Gossip Protocol.md,/home/user/logseq/mainKnowledgeGraph/pages/Gossip Protocol.md,,Blockchain,blockchain-knowledge-graph,/home/user/logseq/mainKnowledgeGraph/blockchain-knowledge-graph/pages/Gossip Protocol.md,MOVE,HIGH,HIGH
Governance Model.md,/home/user/logseq/mainKnowledgeGraph/pages/Governance Model.md,,AI/ML,ai-ml-knowledge-graph,/home/user/logseq/mainKnowledgeGraph/ai-ml-knowledge-graph/pages/Governance Model.md,MOVE,MEDIUM,LOW
Gps.md,/home/user/logseq/mainKnowledgeGraph/pages/Gps.md,RB-0074,Robotics,robotics-knowledge-graph,/home/user/logseq/mainKnowledgeGraph/robotics-knowledge-graph/pages/Gps.md,MOVE,EXCLUDE,NONE
Gradient Descent.md,/home/user/logseq/mainKnowledgeGraph/pages/Gradient Descent.md,,AI/ML,ai-ml-knowledge-graph,/home/user/logseq/mainKnowledgeGraph/ai-ml-knowledge-graph/pages/Gradient Descent.md,MOVE,MEDIUM,LOW
Graph Neural Network.md,/home/user/logseq/mainKnowledgeGraph/pages/Graph Neural Network.md,,AI/ML,ai-ml-knowledge-graph,/home/user/logseq/mainKnowledgeGraph/ai-ml-knowledge-graph/pages/Graph Neural Network.md,MOVE,MEDIUM,LOW
Halving.md,/home/user/logseq/mainKnowledgeGraph/pages/Halving.md,,Blockchain,blockchain-knowledge-graph,/home/user/logseq/mainKnowledgeGraph/blockchain-knowledge-graph/pages/Halving.md,MOVE,HIGH,HIGH
Hand Guiding.md,/home/user/logseq/mainKnowledgeGraph/pages/Hand Guiding.md,RB-0104,Robotics,robotics-knowledge-graph,/home/user/logseq/mainKnowledgeGraph/robotics-knowledge-graph/pages/Hand Guiding.md,MOVE,EXCLUDE,NONE
Health Metaverse Application.md,/home/user/logseq/mainKnowledgeGraph/pages/Health Metaverse Application.md,,AI/ML,ai-ml-knowledge-graph,/home/user/logseq/mainKnowledgeGraph/ai-ml-knowledge-graph/pages/Health Metaverse Application.md,MOVE,MEDIUM,LOW
Human Interface Layer (HIL).md,/home/user/logseq/mainKnowledgeGraph/pages/Human Interface Layer (HIL).md,,Robotics,REVIEW,PENDING_REVIEW,REVIEW,LOW,UNKNOWN
Human-in-the-Loop.md,/home/user/logseq/mainKnowledgeGraph/pages/Human-in-the-Loop.md,,AI/ML,REVIEW,PENDING_REVIEW,REVIEW,LOW,UNKNOWN
Humanoid Robot.md,/home/user/logseq/mainKnowledgeGraph/pages/Humanoid Robot.md,,Robotics,robotics-knowledge-graph,/home/user/logseq/mainKnowledgeGraph/robotics-knowledge-graph/pages/Humanoid Robot.md,MOVE,EXCLUDE,NONE
IEEE 7000 Series Standards.md,/home/user/logseq/mainKnowledgeGraph/pages/IEEE 7000 Series Standards.md,,AI/ML,REVIEW,PENDING_REVIEW,REVIEW,LOW,UNKNOWN
Identity Graph.md,/home/user/logseq/mainKnowledgeGraph/pages/Identity Graph.md,,Governance,REVIEW,PENDING_REVIEW,REVIEW,LOW,UNKNOWN
Imu.md,/home/user/logseq/mainKnowledgeGraph/pages/Imu.md,RB-0073,Robotics,robotics-knowledge-graph,/home/user/logseq/mainKnowledgeGraph/robotics-knowledge-graph/pages/Imu.md,MOVE,EXCLUDE,NONE
Industrial Robot.md,/home/user/logseq/mainKnowledgeGraph/pages/Industrial Robot.md,,Robotics,robotics-knowledge-graph,/home/user/logseq/mainKnowledgeGraph/robotics-knowledge-graph/pages/Industrial Robot.md,MOVE,EXCLUDE,NONE
Inertia.md,/home/user/logseq/mainKnowledgeGraph/pages/Inertia.md,RB-0041,Robotics,robotics-knowledge-graph,/home/user/logseq/mainKnowledgeGraph/robotics-knowledge-graph/pages/Inertia.md,MOVE,EXCLUDE,NONE
Infrared Sensor.md,/home/user/logseq/mainKnowledgeGraph/pages/Infrared Sensor.md,RB-0078,Robotics,robotics-knowledge-graph,/home/user/logseq/mainKnowledgeGraph/robotics-knowledge-graph/pages/Infrared Sensor.md,MOVE,EXCLUDE,NONE
Intelligent Virtual Entity.md,/home/user/logseq/mainKnowledgeGraph/pages/Intelligent Virtual Entity.md,,AI/ML,REVIEW,PENDING_REVIEW,REVIEW,LOW,UNKNOWN
Iso 13482 Compliance.md,/home/user/logseq/mainKnowledgeGraph/pages/Iso 13482 Compliance.md,RB-0088,Robotics,robotics-knowledge-graph,/home/user/logseq/mainKnowledgeGraph/robotics-knowledge-graph/pages/Iso 13482 Compliance.md,MOVE,EXCLUDE,NONE
Jacobian Matrix.md,/home/user/logseq/mainKnowledgeGraph/pages/Jacobian Matrix.md,RB-0030,Robotics,robotics-knowledge-graph,/home/user/logseq/mainKnowledgeGraph/robotics-knowledge-graph/pages/Jacobian Matrix.md,MOVE,EXCLUDE,NONE
Legged Robot.md,/home/user/logseq/mainKnowledgeGraph/pages/Legged Robot.md,RB-0013,Robotics,robotics-knowledge-graph,/home/user/logseq/mainKnowledgeGraph/robotics-knowledge-graph/pages/Legged Robot.md,MOVE,EXCLUDE,NONE
Longest Chain Rule.md,/home/user/logseq/mainKnowledgeGraph/pages/Longest Chain Rule.md,,Blockchain,blockchain-knowledge-graph,/home/user/logseq/mainKnowledgeGraph/blockchain-knowledge-graph/pages/Longest Chain Rule.md,MOVE,HIGH,HIGH
Loyalty Token.md,/home/user/logseq/mainKnowledgeGraph/pages/Loyalty Token.md,,Economics,blockchain-knowledge-graph,/home/user/logseq/mainKnowledgeGraph/blockchain-knowledge-graph/pages/Loyalty Token.md,MOVE,HIGH,HIGH
Manipulator.md,/home/user/logseq/mainKnowledgeGraph/pages/Manipulator.md,,Robotics,robotics-knowledge-graph,/home/user/logseq/mainKnowledgeGraph/robotics-knowledge-graph/pages/Manipulator.md,MOVE,EXCLUDE,NONE
Marketplace.md,/home/user/logseq/mainKnowledgeGraph/pages/Marketplace.md,,Blockchain Governance,blockchain-knowledge-graph,/home/user/logseq/mainKnowledgeGraph/blockchain-knowledge-graph/pages/Marketplace.md,MOVE,MEDIUM-HIGH,MEDIUM-HIGH
Medical Robot.md,/home/user/logseq/mainKnowledgeGraph/pages/Medical Robot.md,RB-0016,Robotics,robotics-knowledge-graph,/home/user/logseq/mainKnowledgeGraph/robotics-knowledge-graph/pages/Medical Robot.md,MOVE,EXCLUDE,NONE
Merkle Tree.md,/home/user/logseq/mainKnowledgeGraph/pages/Merkle Tree.md,,Blockchain,blockchain-knowledge-graph,/home/user/logseq/mainKnowledgeGraph/blockchain-knowledge-graph/pages/Merkle Tree.md,MOVE,HIGH,HIGH
Metadata Standard.md,/home/user/logseq/mainKnowledgeGraph/pages/Metadata Standard.md,,AI/ML,REVIEW,PENDING_REVIEW,REVIEW,LOW,UNKNOWN
Metaverse Liability Model.md,/home/user/logseq/mainKnowledgeGraph/pages/Metaverse Liability Model.md,,AI/ML,ai-ml-knowledge-graph,/home/user/logseq/mainKnowledgeGraph/ai-ml-knowledge-graph/pages/Metaverse Liability Model.md,MOVE,MEDIUM,LOW
Metaverse Safety Protocol.md,/home/user/logseq/mainKnowledgeGraph/pages/Metaverse Safety Protocol.md,,Governance,REVIEW,PENDING_REVIEW,REVIEW,LOW,UNKNOWN
Metaverse.md,/home/user/logseq/mainKnowledgeGraph/pages/Metaverse.md,,Infrastructure,REVIEW,PENDING_REVIEW,REVIEW,MEDIUM,UNKNOWN
Mining Pool.md,/home/user/logseq/mainKnowledgeGraph/pages/Mining Pool.md,,Blockchain,blockchain-knowledge-graph,/home/user/logseq/mainKnowledgeGraph/blockchain-knowledge-graph/pages/Mining Pool.md,MOVE,HIGH,HIGH
Mining Reward.md,/home/user/logseq/mainKnowledgeGraph/pages/Mining Reward.md,,Blockchain,blockchain-knowledge-graph,/home/user/logseq/mainKnowledgeGraph/blockchain-knowledge-graph/pages/Mining Reward.md,MOVE,HIGH,HIGH
Model Capacity.md,/home/user/logseq/mainKnowledgeGraph/pages/Model Capacity.md,,AI/ML,ai-ml-knowledge-graph,/home/user/logseq/mainKnowledgeGraph/ai-ml-knowledge-graph/pages/Model Capacity.md,MOVE,MEDIUM,LOW
Model Parameters.md,/home/user/logseq/mainKnowledgeGraph/pages/Model Parameters.md,,AI/ML,ai-ml-knowledge-graph,/home/user/logseq/mainKnowledgeGraph/ai-ml-knowledge-graph/pages/Model Parameters.md,MOVE,MEDIUM,LOW
Model Predictive Control.md,/home/user/logseq/mainKnowledgeGraph/pages/Model Predictive Control.md,RB-0062,Robotics,robotics-knowledge-graph,/home/user/logseq/mainKnowledgeGraph/robotics-knowledge-graph/pages/Model Predictive Control.md,MOVE,EXCLUDE,NONE
Model Weights.md,/home/user/logseq/mainKnowledgeGraph/pages/Model Weights.md,,AI/ML,ai-ml-knowledge-graph,/home/user/logseq/mainKnowledgeGraph/ai-ml-knowledge-graph/pages/Model Weights.md,MOVE,MEDIUM,LOW
NFT.md,/home/user/logseq/mainKnowledgeGraph/pages/NFT.md,,Creative/NFT,blockchain-knowledge-graph,/home/user/logseq/mainKnowledgeGraph/blockchain-knowledge-graph/pages/NFT.md,MOVE,LOW-MEDIUM,MEDIUM
Native Token.md,/home/user/logseq/mainKnowledgeGraph/pages/Native Token.md,,Economics,blockchain-knowledge-graph,/home/user/logseq/mainKnowledgeGraph/blockchain-knowledge-graph/pages/Native Token.md,MOVE,HIGH,HIGH
Network Infrastructure.md,/home/user/logseq/mainKnowledgeGraph/pages/Network Infrastructure.md,,Infrastructure,REVIEW,PENDING_REVIEW,REVIEW,MEDIUM,UNKNOWN
Network Synchronization.md,/home/user/logseq/mainKnowledgeGraph/pages/Network Synchronization.md,,Blockchain,blockchain-knowledge-graph,/home/user/logseq/mainKnowledgeGraph/blockchain-knowledge-graph/pages/Network Synchronization.md,MOVE,HIGH,HIGH
Network Topology.md,/home/user/logseq/mainKnowledgeGraph/pages/Network Topology.md,,Blockchain,blockchain-knowledge-graph,/home/user/logseq/mainKnowledgeGraph/blockchain-knowledge-graph/pages/Network Topology.md,MOVE,HIGH,HIGH
Networking Layer.md,/home/user/logseq/mainKnowledgeGraph/pages/Networking Layer.md,,Infrastructure,REVIEW,PENDING_REVIEW,REVIEW,MEDIUM,UNKNOWN
Neural 3D Generation.md,/home/user/logseq/mainKnowledgeGraph/pages/Neural 3D Generation.md,,AI/ML,ai-ml-knowledge-graph,/home/user/logseq/mainKnowledgeGraph/ai-ml-knowledge-graph/pages/Neural 3D Generation.md,MOVE,MEDIUM,LOW
Nonlinear Control.md,/home/user/logseq/mainKnowledgeGraph/pages/Nonlinear Control.md,RB-0061,Robotics,robotics-knowledge-graph,/home/user/logseq/mainKnowledgeGraph/robotics-knowledge-graph/pages/Nonlinear Control.md,MOVE,EXCLUDE,NONE
On-Device Learning (AI-0433).md,/home/user/logseq/mainKnowledgeGraph/pages/On-Device Learning (AI-0433).md,,AI/ML,ai-ml-knowledge-graph,/home/user/logseq/mainKnowledgeGraph/ai-ml-knowledge-graph/pages/On-Device Learning (AI-0433).md,MOVE,MEDIUM,LOW
Opcodes.md,/home/user/logseq/mainKnowledgeGraph/pages/Opcodes.md,,Blockchain,blockchain-knowledge-graph,/home/user/logseq/mainKnowledgeGraph/blockchain-knowledge-graph/pages/Opcodes.md,MOVE,HIGH,HIGH
Open World.md,/home/user/logseq/mainKnowledgeGraph/pages/Open World.md,,Creative/NFT,blockchain-knowledge-graph,/home/user/logseq/mainKnowledgeGraph/blockchain-knowledge-graph/pages/Open World.md,MOVE,LOW-MEDIUM,MEDIUM
Optimal Control.md,/home/user/logseq/mainKnowledgeGraph/pages/Optimal Control.md,RB-0060,Robotics,robotics-knowledge-graph,/home/user/logseq/mainKnowledgeGraph/robotics-knowledge-graph/pages/Optimal Control.md,MOVE,EXCLUDE,NONE
Orphan Block.md,/home/user/logseq/mainKnowledgeGraph/pages/Orphan Block.md,,Blockchain,blockchain-knowledge-graph,/home/user/logseq/mainKnowledgeGraph/blockchain-knowledge-graph/pages/Orphan Block.md,MOVE,HIGH,HIGH
Output.md,/home/user/logseq/mainKnowledgeGraph/pages/Output.md,,Blockchain,blockchain-knowledge-graph,/home/user/logseq/mainKnowledgeGraph/blockchain-knowledge-graph/pages/Output.md,MOVE,HIGH,HIGH
Overfitting.md,/home/user/logseq/mainKnowledgeGraph/pages/Overfitting.md,,AI/ML,ai-ml-knowledge-graph,/home/user/logseq/mainKnowledgeGraph/ai-ml-knowledge-graph/pages/Overfitting.md,MOVE,MEDIUM,LOW
Partition Attack.md,/home/user/logseq/mainKnowledgeGraph/pages/Partition Attack.md,,Blockchain,blockchain-knowledge-graph,/home/user/logseq/mainKnowledgeGraph/blockchain-knowledge-graph/pages/Partition Attack.md,MOVE,HIGH,HIGH
Payload.md,/home/user/logseq/mainKnowledgeGraph/pages/Payload.md,RB-0033,Robotics,robotics-knowledge-graph,/home/user/logseq/mainKnowledgeGraph/robotics-knowledge-graph/pages/Payload.md,MOVE,EXCLUDE,NONE
Peer Discovery.md,/home/user/logseq/mainKnowledgeGraph/pages/Peer Discovery.md,,Blockchain,blockchain-knowledge-graph,/home/user/logseq/mainKnowledgeGraph/blockchain-knowledge-graph/pages/Peer Discovery.md,MOVE,HIGH,HIGH
Peer-to-Peer Network.md,/home/user/logseq/mainKnowledgeGraph/pages/Peer-to-Peer Network.md,,Blockchain,blockchain-knowledge-graph,/home/user/logseq/mainKnowledgeGraph/blockchain-knowledge-graph/pages/Peer-to-Peer Network.md,MOVE,HIGH,HIGH
Performance Level.md,/home/user/logseq/mainKnowledgeGraph/pages/Performance Level.md,RB-0101,Robotics,robotics-knowledge-graph,/home/user/logseq/mainKnowledgeGraph/robotics-knowledge-graph/pages/Performance Level.md,MOVE,EXCLUDE,NONE
Physics-Based Animation.md,/home/user/logseq/mainKnowledgeGraph/pages/Physics-Based Animation.md,,Creative/NFT,blockchain-knowledge-graph,/home/user/logseq/mainKnowledgeGraph/blockchain-knowledge-graph/pages/Physics-Based Animation.md,MOVE,LOW-MEDIUM,MEDIUM
Pid Controller.md,/home/user/logseq/mainKnowledgeGraph/pages/Pid Controller.md,RB-0048,Robotics,robotics-knowledge-graph,/home/user/logseq/mainKnowledgeGraph/robotics-knowledge-graph/pages/Pid Controller.md,MOVE,EXCLUDE,NONE
Pool Share.md,/home/user/logseq/mainKnowledgeGraph/pages/Pool Share.md,,Blockchain,blockchain-knowledge-graph,/home/user/logseq/mainKnowledgeGraph/blockchain-knowledge-graph/pages/Pool Share.md,MOVE,HIGH,HIGH
Position Control.md,/home/user/logseq/mainKnowledgeGraph/pages/Position Control.md,RB-0054,Robotics,robotics-knowledge-graph,/home/user/logseq/mainKnowledgeGraph/robotics-knowledge-graph/pages/Position Control.md,MOVE,EXCLUDE,NONE
Post-Quantum Cryptography.md,/home/user/logseq/mainKnowledgeGraph/pages/Post-Quantum Cryptography.md,,Governance,blockchain-knowledge-graph,/home/user/logseq/mainKnowledgeGraph/blockchain-knowledge-graph/pages/Post-Quantum Cryptography.md,MOVE,HIGH,HIGH
Power And Force Limiting.md,/home/user/logseq/mainKnowledgeGraph/pages/Power And Force Limiting.md,RB-0094,Robotics,robotics-knowledge-graph,/home/user/logseq/mainKnowledgeGraph/robotics-knowledge-graph/pages/Power And Force Limiting.md,MOVE,EXCLUDE,NONE
Preimage Resistance.md,/home/user/logseq/mainKnowledgeGraph/pages/Preimage Resistance.md,,Blockchain,blockchain-knowledge-graph,/home/user/logseq/mainKnowledgeGraph/blockchain-knowledge-graph/pages/Preimage Resistance.md,MOVE,HIGH,HIGH
Presence.md,/home/user/logseq/mainKnowledgeGraph/pages/Presence.md,,Robotics,REVIEW,PENDING_REVIEW,REVIEW,LOW,UNKNOWN
Privacy Impact Assessment (PIA).md,/home/user/logseq/mainKnowledgeGraph/pages/Privacy Impact Assessment (PIA).md,,Governance,REVIEW,PENDING_REVIEW,REVIEW,LOW,UNKNOWN
Private Key.md,/home/user/logseq/mainKnowledgeGraph/pages/Private Key.md,,Blockchain,blockchain-knowledge-graph,/home/user/logseq/mainKnowledgeGraph/blockchain-knowledge-graph/pages/Private Key.md,MOVE,HIGH,HIGH
Protective Stop.md,/home/user/logseq/mainKnowledgeGraph/pages/Protective Stop.md,RB-0092,Robotics,robotics-knowledge-graph,/home/user/logseq/mainKnowledgeGraph/robotics-knowledge-graph/pages/Protective Stop.md,MOVE,EXCLUDE,NONE
Proximity Sensor.md,/home/user/logseq/mainKnowledgeGraph/pages/Proximity Sensor.md,RB-0071,Robotics,robotics-knowledge-graph,/home/user/logseq/mainKnowledgeGraph/robotics-knowledge-graph/pages/Proximity Sensor.md,MOVE,EXCLUDE,NONE
Pruned Node.md,/home/user/logseq/mainKnowledgeGraph/pages/Pruned Node.md,,Blockchain,blockchain-knowledge-graph,/home/user/logseq/mainKnowledgeGraph/blockchain-knowledge-graph/pages/Pruned Node.md,MOVE,HIGH,HIGH
Reality Capture System.md,/home/user/logseq/mainKnowledgeGraph/pages/Reality Capture System.md,,Robotics,robotics-knowledge-graph,/home/user/logseq/mainKnowledgeGraph/robotics-knowledge-graph/pages/Reality Capture System.md,MOVE,EXCLUDE,NONE
Regularisation.md,/home/user/logseq/mainKnowledgeGraph/pages/Regularisation.md,,AI/ML,ai-ml-knowledge-graph,/home/user/logseq/mainKnowledgeGraph/ai-ml-knowledge-graph/pages/Regularisation.md,MOVE,MEDIUM,LOW
Repeatability.md,/home/user/logseq/mainKnowledgeGraph/pages/Repeatability.md,RB-0034,Robotics,robotics-knowledge-graph,/home/user/logseq/mainKnowledgeGraph/robotics-knowledge-graph/pages/Repeatability.md,MOVE,EXCLUDE,NONE
Reputation Scoring Model.md,/home/user/logseq/mainKnowledgeGraph/pages/Reputation Scoring Model.md,,AI/ML,ai-ml-knowledge-graph,/home/user/logseq/mainKnowledgeGraph/ai-ml-knowledge-graph/pages/Reputation Scoring Model.md,MOVE,MEDIUM,LOW
Rescue Robot.md,/home/user/logseq/mainKnowledgeGraph/pages/Rescue Robot.md,RB-0017,Robotics,robotics-knowledge-graph,/home/user/logseq/mainKnowledgeGraph/robotics-knowledge-graph/pages/Rescue Robot.md,MOVE,EXCLUDE,NONE
Residual Network.md,/home/user/logseq/mainKnowledgeGraph/pages/Residual Network.md,,AI/ML,ai-ml-knowledge-graph,/home/user/logseq/mainKnowledgeGraph/ai-ml-knowledge-graph/pages/Residual Network.md,MOVE,MEDIUM,LOW
Resilience Metric.md,/home/user/logseq/mainKnowledgeGraph/pages/Resilience Metric.md,,MetaverseDomain,REVIEW,PENDING_REVIEW,REVIEW,LOW,UNKNOWN
Robot Dynamics.md,/home/user/logseq/mainKnowledgeGraph/pages/Robot Dynamics.md,RB-0022,Robotics,robotics-knowledge-graph,/home/user/logseq/mainKnowledgeGraph/robotics-knowledge-graph/pages/Robot Dynamics.md,MOVE,EXCLUDE,NONE
Robot Encoder.md,/home/user/logseq/mainKnowledgeGraph/pages/Robot Encoder.md,RB-0072,Robotics,robotics-knowledge-graph,/home/user/logseq/mainKnowledgeGraph/robotics-knowledge-graph/pages/Robot Encoder.md,MOVE,EXCLUDE,NONE
Robot Joint.md,/home/user/logseq/mainKnowledgeGraph/pages/Robot Joint.md,RB-0026,Robotics,robotics-knowledge-graph,/home/user/logseq/mainKnowledgeGraph/robotics-knowledge-graph/pages/Robot Joint.md,MOVE,EXCLUDE,NONE
Robot Link.md,/home/user/logseq/mainKnowledgeGraph/pages/Robot Link.md,RB-0027,Robotics,robotics-knowledge-graph,/home/user/logseq/mainKnowledgeGraph/robotics-knowledge-graph/pages/Robot Link.md,MOVE,EXCLUDE,NONE
Robot Motion Planning.md,/home/user/logseq/mainKnowledgeGraph/pages/Robot Motion Planning.md,RB-0049,Robotics,robotics-knowledge-graph,/home/user/logseq/mainKnowledgeGraph/robotics-knowledge-graph/pages/Robot Motion Planning.md,MOVE,EXCLUDE,NONE
Robot Path Planning.md,/home/user/logseq/mainKnowledgeGraph/pages/Robot Path Planning.md,RB-0050,Robotics,robotics-knowledge-graph,/home/user/logseq/mainKnowledgeGraph/robotics-knowledge-graph/pages/Robot Path Planning.md,MOVE,EXCLUDE,NONE
Robot Risk Assessment.md,/home/user/logseq/mainKnowledgeGraph/pages/Robot Risk Assessment.md,RB-0089,Robotics,robotics-knowledge-graph,/home/user/logseq/mainKnowledgeGraph/robotics-knowledge-graph/pages/Robot Risk Assessment.md,MOVE,EXCLUDE,NONE
Robot Safety.md,/home/user/logseq/mainKnowledgeGraph/pages/Robot Safety.md,RB-0086,Robotics,robotics-knowledge-graph,/home/user/logseq/mainKnowledgeGraph/robotics-knowledge-graph/pages/Robot Safety.md,MOVE,EXCLUDE,NONE
Robot Sensor.md,/home/user/logseq/mainKnowledgeGraph/pages/Robot Sensor.md,RB-0066,Robotics,robotics-knowledge-graph,/home/user/logseq/mainKnowledgeGraph/robotics-knowledge-graph/pages/Robot Sensor.md,MOVE,EXCLUDE,NONE
Robot Singularity.md,/home/user/logseq/mainKnowledgeGraph/pages/Robot Singularity.md,RB-0031,Robotics,robotics-knowledge-graph,/home/user/logseq/mainKnowledgeGraph/robotics-knowledge-graph/pages/Robot Singularity.md,MOVE,EXCLUDE,NONE
SHA-256.md,/home/user/logseq/mainKnowledgeGraph/pages/SHA-256.md,,Blockchain,blockchain-knowledge-graph,/home/user/logseq/mainKnowledgeGraph/blockchain-knowledge-graph/pages/SHA-256.md,MOVE,HIGH,HIGH
Safety Integrity Level.md,/home/user/logseq/mainKnowledgeGraph/pages/Safety Integrity Level.md,RB-0100,Robotics,robotics-knowledge-graph,/home/user/logseq/mainKnowledgeGraph/robotics-knowledge-graph/pages/Safety Integrity Level.md,MOVE,EXCLUDE,NONE
Safety Laser Scanner.md,/home/user/logseq/mainKnowledgeGraph/pages/Safety Laser Scanner.md,RB-0098,Robotics,robotics-knowledge-graph,/home/user/logseq/mainKnowledgeGraph/robotics-knowledge-graph/pages/Safety Laser Scanner.md,MOVE,EXCLUDE,NONE
Salt.md,/home/user/logseq/mainKnowledgeGraph/pages/Salt.md,,Blockchain,blockchain-knowledge-graph,/home/user/logseq/mainKnowledgeGraph/blockchain-knowledge-graph/pages/Salt.md,MOVE,HIGH,HIGH
Schnorr Signature.md,/home/user/logseq/mainKnowledgeGraph/pages/Schnorr Signature.md,,Blockchain,blockchain-knowledge-graph,/home/user/logseq/mainKnowledgeGraph/blockchain-knowledge-graph/pages/Schnorr Signature.md,MOVE,HIGH,HIGH
Script.md,/home/user/logseq/mainKnowledgeGraph/pages/Script.md,,Blockchain,blockchain-knowledge-graph,/home/user/logseq/mainKnowledgeGraph/blockchain-knowledge-graph/pages/Script.md,MOVE,HIGH,HIGH
Selfish Mining.md,/home/user/logseq/mainKnowledgeGraph/pages/Selfish Mining.md,,Blockchain,blockchain-knowledge-graph,/home/user/logseq/mainKnowledgeGraph/blockchain-knowledge-graph/pages/Selfish Mining.md,MOVE,HIGH,HIGH
Service Robot.md,/home/user/logseq/mainKnowledgeGraph/pages/Service Robot.md,RB-0006,Robotics,robotics-knowledge-graph,/home/user/logseq/mainKnowledgeGraph/robotics-knowledge-graph/pages/Service Robot.md,MOVE,EXCLUDE,NONE
Sliding Mode Control.md,/home/user/logseq/mainKnowledgeGraph/pages/Sliding Mode Control.md,RB-0063,Robotics,robotics-knowledge-graph,/home/user/logseq/mainKnowledgeGraph/robotics-knowledge-graph/pages/Sliding Mode Control.md,MOVE,EXCLUDE,NONE
SmartContract.md,/home/user/logseq/mainKnowledgeGraph/pages/SmartContract.md,,Blockchain,REVIEW,PENDING_REVIEW,REVIEW,LOW,UNKNOWN
Societal and Environmental Wellbeing.md,/home/user/logseq/mainKnowledgeGraph/pages/Societal and Environmental Wellbeing.md,,AI/ML,REVIEW,PENDING_REVIEW,REVIEW,LOW,UNKNOWN
Spatial Audio Scene Description.md,/home/user/logseq/mainKnowledgeGraph/pages/Spatial Audio Scene Description.md,,Creative/NFT,blockchain-knowledge-graph,/home/user/logseq/mainKnowledgeGraph/blockchain-knowledge-graph/pages/Spatial Audio Scene Description.md,MOVE,LOW-MEDIUM,MEDIUM
Stiffness.md,/home/user/logseq/mainKnowledgeGraph/pages/Stiffness.md,RB-0039,Robotics,robotics-knowledge-graph,/home/user/logseq/mainKnowledgeGraph/robotics-knowledge-graph/pages/Stiffness.md,MOVE,EXCLUDE,NONE
Swarm Robot.md,/home/user/logseq/mainKnowledgeGraph/pages/Swarm Robot.md,RB-0020,Robotics,robotics-knowledge-graph,/home/user/logseq/mainKnowledgeGraph/robotics-knowledge-graph/pages/Swarm Robot.md,MOVE,EXCLUDE,NONE
Sybil Attack.md,/home/user/logseq/mainKnowledgeGraph/pages/Sybil Attack.md,,Blockchain,blockchain-knowledge-graph,/home/user/logseq/mainKnowledgeGraph/blockchain-knowledge-graph/pages/Sybil Attack.md,MOVE,HIGH,HIGH
Technology Adoption.md,/home/user/logseq/mainKnowledgeGraph/pages/Technology Adoption.md,,AI/ML,REVIEW,PENDING_REVIEW,REVIEW,LOW,UNKNOWN
Temperature Sensor.md,/home/user/logseq/mainKnowledgeGraph/pages/Temperature Sensor.md,RB-0084,Robotics,robotics-knowledge-graph,/home/user/logseq/mainKnowledgeGraph/robotics-knowledge-graph/pages/Temperature Sensor.md,MOVE,EXCLUDE,NONE
Torque.md,/home/user/logseq/mainKnowledgeGraph/pages/Torque.md,RB-0043,Robotics,robotics-knowledge-graph,/home/user/logseq/mainKnowledgeGraph/robotics-knowledge-graph/pages/Torque.md,MOVE,EXCLUDE,NONE
Training.md,/home/user/logseq/mainKnowledgeGraph/pages/Training.md,,AI/ML,ai-ml-knowledge-graph,/home/user/logseq/mainKnowledgeGraph/ai-ml-knowledge-graph/pages/Training.md,MOVE,MEDIUM,LOW
Trajectory Planning.md,/home/user/logseq/mainKnowledgeGraph/pages/Trajectory Planning.md,RB-0051,Robotics,robotics-knowledge-graph,/home/user/logseq/mainKnowledgeGraph/robotics-knowledge-graph/pages/Trajectory Planning.md,MOVE,EXCLUDE,NONE
Transaction Confirmation.md,/home/user/logseq/mainKnowledgeGraph/pages/Transaction Confirmation.md,,Blockchain,blockchain-knowledge-graph,/home/user/logseq/mainKnowledgeGraph/blockchain-knowledge-graph/pages/Transaction Confirmation.md,MOVE,HIGH,HIGH
Transaction Pool.md,/home/user/logseq/mainKnowledgeGraph/pages/Transaction Pool.md,,Blockchain,blockchain-knowledge-graph,/home/user/logseq/mainKnowledgeGraph/blockchain-knowledge-graph/pages/Transaction Pool.md,MOVE,HIGH,HIGH
Transaction.md,/home/user/logseq/mainKnowledgeGraph/pages/Transaction.md,,Blockchain,blockchain-knowledge-graph,/home/user/logseq/mainKnowledgeGraph/blockchain-knowledge-graph/pages/Transaction.md,MOVE,HIGH,HIGH
Transformer.md,/home/user/logseq/mainKnowledgeGraph/pages/Transformer.md,,AI/ML,ai-ml-knowledge-graph,/home/user/logseq/mainKnowledgeGraph/ai-ml-knowledge-graph/pages/Transformer.md,MOVE,MEDIUM,LOW
UNESCO Recommendation on the Ethics of AI.md,/home/user/logseq/mainKnowledgeGraph/pages/UNESCO Recommendation on the Ethics of AI.md,,AI/ML,REVIEW,PENDING_REVIEW,REVIEW,LOW,UNKNOWN
Velocity Control.md,/home/user/logseq/mainKnowledgeGraph/pages/Velocity Control.md,RB-0055,Robotics,robotics-knowledge-graph,/home/user/logseq/mainKnowledgeGraph/robotics-knowledge-graph/pages/Velocity Control.md,MOVE,EXCLUDE,NONE
Velocity.md,/home/user/logseq/mainKnowledgeGraph/pages/Velocity.md,RB-0044,Robotics,robotics-knowledge-graph,/home/user/logseq/mainKnowledgeGraph/robotics-knowledge-graph/pages/Velocity.md,MOVE,EXCLUDE,NONE
Verifiable Credential (VC).md,/home/user/logseq/mainKnowledgeGraph/pages/Verifiable Credential (VC).md,,Blockchain Governance,blockchain-knowledge-graph,/home/user/logseq/mainKnowledgeGraph/blockchain-knowledge-graph/pages/Verifiable Credential (VC).md,MOVE,MEDIUM-HIGH,MEDIUM-HIGH
Virtual Production (VP).md,/home/user/logseq/mainKnowledgeGraph/pages/Virtual Production (VP).md,,Creative/NFT,blockchain-knowledge-graph,/home/user/logseq/mainKnowledgeGraph/blockchain-knowledge-graph/pages/Virtual Production (VP).md,MOVE,LOW-MEDIUM,MEDIUM
Virtual Property Right.md,/home/user/logseq/mainKnowledgeGraph/pages/Virtual Property Right.md,,Governance,REVIEW,PENDING_REVIEW,REVIEW,LOW,UNKNOWN
Virtual Securities Offering (VSO).md,/home/user/logseq/mainKnowledgeGraph/pages/Virtual Securities Offering (VSO).md,,Economics,REVIEW,PENDING_REVIEW,REVIEW,LOW,UNKNOWN
Vision System.md,/home/user/logseq/mainKnowledgeGraph/pages/Vision System.md,RB-0068,Robotics,robotics-knowledge-graph,/home/user/logseq/mainKnowledgeGraph/robotics-knowledge-graph/pages/Vision System.md,MOVE,EXCLUDE,NONE
Visual Servoing.md,/home/user/logseq/mainKnowledgeGraph/pages/Visual Servoing.md,RB-0065,Robotics,robotics-knowledge-graph,/home/user/logseq/mainKnowledgeGraph/robotics-knowledge-graph/pages/Visual Servoing.md,MOVE,EXCLUDE,NONE
Wheeled Mobile Robot.md,/home/user/logseq/mainKnowledgeGraph/pages/Wheeled Mobile Robot.md,RB-0012,Robotics,robotics-knowledge-graph,/home/user/logseq/mainKnowledgeGraph/robotics-knowledge-graph/pages/Wheeled Mobile Robot.md,MOVE,EXCLUDE,NONE
Workspace.md,/home/user/logseq/mainKnowledgeGraph/pages/Workspace.md,RB-0024,Robotics,robotics-knowledge-graph,/home/user/logseq/mainKnowledgeGraph/robotics-knowledge-graph/pages/Workspace.md,MOVE,EXCLUDE,NONE
World Instance.md,/home/user/logseq/mainKnowledgeGraph/pages/World Instance.md,,AI/ML,REVIEW,PENDING_REVIEW,REVIEW,LOW,UNKNOWN
Zero-Knowledge Proof.md,/home/user/logseq/mainKnowledgeGraph/pages/Zero-Knowledge Proof.md,,Blockchain,blockchain-knowledge-graph,/home/user/logseq/mainKnowledgeGraph/blockchain-knowledge-graph/pages/Zero-Knowledge Proof.md,MOVE,HIGH,HIGH
AI Ethics Board.md,/home/user/logseq/mainKnowledgeGraph/pages/AI Ethics Board.md,,AI/ML,REVIEW,PENDING_REVIEW,REVIEW,LOW,UNKNOWN
Agreement Protocol.md,/home/user/logseq/mainKnowledgeGraph/pages/Agreement Protocol.md,,Blockchain,blockchain-knowledge-graph,/home/user/logseq/mainKnowledgeGraph/blockchain-knowledge-graph/pages/Agreement Protocol.md,MOVE,HIGH,HIGH
Algorithmic Transparency Reports.md,/home/user/logseq/mainKnowledgeGraph/pages/Algorithmic Transparency Reports.md,,AI/ML,REVIEW,PENDING_REVIEW,REVIEW,LOW,UNKNOWN
Autonomous Agent.md,/home/user/logseq/mainKnowledgeGraph/pages/Autonomous Agent.md,,ComputationAndIntelligenceDomain,REVIEW,PENDING_REVIEW,REVIEW,LOW,UNKNOWN